UserId,Id,Title,Completed
1,1,delectus aut autem,False
1,2,quis ut nam facilis et officia qui,False
1,3,fugiat veniam minus,False
1,4,et porro tempora,True
1,5,laboriosam mollitia et enim quasi adipisci quia provident illum,False
1,6,qui ullam ratione quibusdam voluptatem quia omnis,False
1,7,illo expedita consequatur quia in,False
1,8,quo adipisci enim quam ut ab,True
1,9,molestiae perspiciatis ipsa,False
1,10,illo est ratione doloremque quia maiores aut,True
1,11,vero rerum temporibus dolor,True
1,12,ipsa repellendus fugit nisi,True
1,13,et doloremque nulla,False
1,14,repellendus sunt dolores architecto voluptatum,True
1,15,ab voluptatum amet voluptas,True
1,16,accusamus eos facilis sint et aut voluptatem,True
1,17,quo laboriosam deleniti aut qui,True
1,18,dolorum est consequatur ea mollitia in culpa,False
1,19,molestiae ipsa aut voluptatibus pariatur dolor nihil,True
1,20,ullam nobis libero sapiente ad optio sint,True
2,21,suscipit repellat esse quibusdam voluptatem incidunt,False
2,22,distinctio vitae autem nihil ut molestias quo,True
2,23,et itaque necessitatibus maxime molestiae qui quas velit,False
2,24,adipisci non ad dicta qui amet quaerat doloribus ea,False
2,25,voluptas quo tenetur perspiciatis explicabo natus,True
2,26,aliquam aut quasi,True
2,27,veritatis pariatur delectus,True
2,28,nesciunt totam sit blanditiis sit,False
2,29,laborum aut in quam,False
2,30,nemo perspiciatis repellat ut dolor libero commodi blanditiis omnis,True
2,31,repudiandae totam in est sint facere fuga,False
2,32,earum doloribus ea doloremque quis,False
2,33,sint sit aut vero,False
2,34,porro aut necessitatibus eaque distinctio,False
2,35,repellendus veritatis molestias dicta incidunt,True
2,36,excepturi deleniti adipisci voluptatem et neque optio illum ad,True
2,37,sunt cum tempora,False
2,38,totam quia non,False
2,39,doloremque quibusdam asperiores libero corrupti illum qui omnis,False
2,40,totam atque quo nesciunt,True
3,41,aliquid amet impedit consequatur aspernatur placeat eaque fugiat suscipit,False
3,42,rerum perferendis error quia ut eveniet,False
3,43,tempore ut sint quis recusandae,True
3,44,cum debitis quis accusamus doloremque ipsa natus sapiente omnis,True
3,45,velit soluta adipisci molestias reiciendis harum,False
3,46,vel voluptatem repellat nihil placeat corporis,False
3,47,nam qui rerum fugiat accusamus,False
3,48,sit reprehenderit omnis quia,False
3,49,ut necessitatibus aut maiores debitis officia blanditiis velit et,False
3,50,cupiditate necessitatibus ullam aut quis dolor voluptate,True
3,51,distinctio exercitationem ab doloribus,False
3,52,nesciunt dolorum quis recusandae ad pariatur ratione,False
3,53,qui labore est occaecati recusandae aliquid quam,False
3,54,quis et est ut voluptate quam dolor,True
3,55,voluptatum omnis minima qui occaecati provident nulla voluptatem ratione,True
3,56,deleniti ea temporibus enim,True
3,57,pariatur et magnam ea doloribus similique voluptatem rerum quia,False
3,58,est dicta totam qui explicabo doloribus qui dignissimos,False
3,59,perspiciatis velit id laborum placeat iusto et aliquam odio,False
3,60,et sequi qui architecto ut adipisci,True
4,61,odit optio omnis qui sunt,True
4,62,et placeat et tempore aspernatur sint numquam,False
4,63,doloremque aut dolores quidem fuga qui nulla,True
4,64,voluptas consequatur qui ut quia magnam nemo esse,False
4,65,fugiat pariatur ratione ut asperiores necessitatibus magni,False
4,66,rerum eum molestias autem voluptatum sit optio,False
4,67,quia voluptatibus voluptatem quos similique maiores repellat,False
4,68,aut id perspiciatis voluptatem iusto,False
4,69,doloribus sint dolorum ab adipisci itaque dignissimos aliquam suscipit,False
4,70,ut sequi accusantium et mollitia delectus sunt,False
4,71,aut velit saepe ullam,False
4,72,praesentium facilis facere quis harum voluptatibus voluptatem eum,False
4,73,sint amet quia totam corporis qui exercitationem commodi,True
4,74,expedita tempore nobis eveniet laborum maiores,False
4,75,occaecati adipisci est possimus totam,False
4,76,sequi dolorem sed,True
4,77,maiores aut nesciunt delectus exercitationem vel assumenda eligendi at,False
4,78,reiciendis est magnam amet nemo iste recusandae impedit quaerat,False
4,79,eum ipsa maxime ut,True
4,80,tempore molestias dolores rerum sequi voluptates ipsum consequatur,True
5,81,suscipit qui totam,True
5,82,voluptates eum voluptas et dicta,False
5,83,quidem at rerum quis ex aut sit quam,True
5,84,sunt veritatis ut voluptate,False
5,85,et quia ad iste a,True
5,86,incidunt ut saepe autem,True
5,87,laudantium quae eligendi consequatur quia et vero autem,True
5,88,vitae aut excepturi laboriosam sint aliquam et et accusantium,False
5,89,sequi ut omnis et,True
5,90,molestiae nisi accusantium tenetur dolorem et,True
5,91,nulla quis consequatur saepe qui id expedita,True
5,92,in omnis laboriosam,True
5,93,odio iure consequatur molestiae quibusdam necessitatibus quia sint,True
5,94,facilis modi saepe mollitia,False
5,95,vel nihil et molestiae iusto assumenda nemo quo ut,True
5,96,nobis suscipit ducimus enim asperiores voluptas,False
5,97,dolorum laboriosam eos qui iure aliquam,False
5,98,debitis accusantium ut quo facilis nihil quis sapiente necessitatibus,True
5,99,neque voluptates ratione,False
5,100,excepturi a et neque qui expedita vel voluptate,False
6,101,explicabo enim cumque porro aperiam occaecati minima,False
6,102,sed ab consequatur,False
6,103,non sunt delectus illo nulla tenetur enim omnis,False
6,104,excepturi non laudantium quo,False